<?xml version="1.0" encoding="UTF-8" standalone="yes"?>
<!--
    StandardBuild Batch Installer Manifest File
    
-->
<installer>
    <!--
        Addons is a required container for a list of addon username and addon_id pairs.
        Each container requires both pairs.
    -->
    <addons>
        <addon>
            <addon_id>repository.exodusredux-0.0.1.zip</addon_id>
            <username>I-A-C</username>
        </addon>
        <addon>
            <addon_id>plugin.video.exodusredux</addon_id>
            <username>I-A-C</username>
        </addon>
    </addons>
    <!--
        Configs is an optional container for a list of config files and destinations.
        This is not limited to config files; could include images, databases, etc.
        *** Be careful, this it will overwrite destinations. ***
        Each file is copied overwriting the distination.
        ./configs/test.xml will overwrite special://profile/addon_data/plugin.video.animaltv/test.xml
    -->
    <configs dir="configs">

    </configs>
    <!--
        Settings is an optional container for a list of addon settings key and value pairs.
    -->
    <settings>

    </settings>
    <!--
        Optionally issue a series of built-in commands.
        *** Be careful, know what you are doing here! ***
    -->
    <builtins>

    </builtins>
    <!--
        Optionally issue a series of JSONRPC commands.
        *** Be very careful, know what you are doing here! ***
    -->
    <jsonrpc>

    </jsonrpc>
</installer>
